{
  "age": 0.008083626654907727,
  "sex": 0.03286293012653489,
  "cp": 0.054934814823140894,
  "trestbps": 0.009059190081378912,
  "chol": 0.0028823814816071516,
  "fbs": 0.0029148582361186405,
  "restecg": 0.009052335800560729,
  "thalach": 0.040000675701141235,
  "exang": 0.05304130555441107,
  "oldpeak": 0.032405253275528324,
  "slope": 0.025534678060670606,
  "ca": 0.028534047776824705,
  "thal": 0.03008385175162589
}